book_id,num_ratings,avg_rating
-113swEACAAJ,4,3.125
-1zezQEACAAJ,11,2.6545454545454543
-5IjAhgWwrYC,8,2.8
-7kwDwAAQBAJ,6,3.3666666666666667
-A7Yp3tF39oC,2,2.5999999999999996
-BSzDo0oYhcC,6,2.9166666666666665
-DyREAAAQBAJ,9,2.677777777777778
-LawAAAAIAAJ,6,2.9333333333333336
-PVWACFDvmEC,6,3.1166666666666667
-S2LmAEACAAJ,5,3.2600000000000002
-_6Z2_JdZdwC,4,3.25
-_IsEAAAQBAJ,7,2.9
-iBOEAAAQBAJ,9,3.3111111111111113
-izJbBJtfV0C,13,3.2
-k2LFLSdY0IC,6,3.3000000000000003
-pM6F_hcpRUC,8,3.5125
-s5XAwAAQBAJ,9,3.2333333333333334
-y768weI0iQC,9,2.5444444444444443
00rsK2Y98gQC,9,2.2666666666666666
01N88IPrDnYC,9,3.477777777777778
01UfVvh3xXIC,12,3.158333333333333
03WquAAACAAJ,9,3.577777777777778
045nFy6ZETYC,6,3.4499999999999997
07KIj2s9GzYC,9,2.8555555555555556
0CSboAEACAAJ,5,2.6
0CskCpSei1UC,7,2.8857142857142857
0D9wDwAAQBAJ,4,3.325
0DJbAAAAMAAJ,4,3.2249999999999996
0Pr7aMRxLZ8C,7,3.6142857142857143
0VqxBgAAQBAJ,5,3.08
0c59AAAAMAAJ,11,3.027272727272727
0l0qYqPyGKsC,9,3.2444444444444445
0mUTDxfv6BgC,10,3.0
0mpRs7nnKFoC,12,3.0083333333333333
0ovOTsTs22AC,3,2.6
0yPLDwAAQBAJ,4,3.125
0zW7oQEACAAJ,9,3.1222222222222222
0zWbv25MEzkC,8,3.4875
13mAEAAAQBAJ,7,3.4
19UgCgAAQBAJ,7,3.685714285714286
1E6jPPtS854C,6,2.6999999999999997
1G4FlXMOgfkC,5,3.4799999999999995
1IEhyG44uMEC,4,2.925
1IoVAyIbtfMC,9,3.6666666666666665
1KUS-cBJmqoC,7,3.3857142857142857
1ROJDwAAQBAJ,8,3.2875
1V9_sv_BudkC,11,2.627272727272727
1bLrAgAAQBAJ,8,3.3375
1h3SQ-HREekC,7,3.485714285714286
1lJmPwAACAAJ,5,2.7
1vckDQAAQBAJ,15,3.4266666666666667
1zrIgjyGKcQC,8,3.7875
20KXzwEACAAJ,8,3.7
21NGAAAAYAAJ,7,2.8857142857142857
21YlBAAAQBAJ,4,3.45
22lmygAACAAJ,7,3.2142857142857144
2CaVwgEACAAJ,17,3.6
2GQ9PgAACAAJ,12,3.4250000000000003
2GRbAAAAMAAJ,8,3.125
2H6A_c8fMbsC,15,3.1333333333333333
2OhgnuzJCk4C,11,3.436363636363636
2TWvWe5qRVUC,5,3.06
2TqOXHLNG1YC,8,3.375
2V1tHqi4hLEC,10,3.44
2bTTRDkTB4sC,10,3.29
2cl7AgAAQBAJ,9,3.388888888888889
2f69mKhTDNQC,7,3.3428571428571425
2gKZBAAAQBAJ,4,3.025
2nvOJmqNqGMC,7,3.142857142857143
2yDOBgAAQBAJ,6,3.3666666666666667
2yifhpg_u5AC,9,2.611111111111111
2zUnXBLoN1gC,8,2.975
2zs_gq_DPC4C,7,3.1
34ZsoQBoOU8C,4,3.425
35SA8u4QpacC,10,3.31
37b8PQAACAAJ,9,2.9444444444444446
3J6OijlYquwC,5,3.4799999999999995
3QTXAQAAQBAJ,15,3.26
3T_6_VUzlRMC,4,2.625
3Tv4aTj6zl4C,11,2.8000000000000003
3WeLoAOXRpMC,13,3.269230769230769
3X5fnAEACAAJ,10,3.12
3e2L0Nt6NgQC,10,3.8200000000000003
3gGib83eqaAC,5,2.96
3kTCn5KmnFUC,10,3.65
3tvDNQAACAAJ,12,3.6916666666666664
3wrIrQEACAAJ,10,3.2600000000000002
40R25CIUuEEC,7,3.3714285714285714
435JAQAAIAAJ,9,2.8555555555555556
4ECGvgEACAAJ,5,3.62
4FTHkQEACAAJ,9,3.433333333333333
4IEpZhnfVH0C,5,2.92
4IvL1DHwlycC,18,3.1222222222222222
4JkdHOHCyjoC,6,3.466666666666667
4OpPEQAAQBAJ,7,3.1142857142857143
4TtmtWzIIpsC,7,3.357142857142857
4UwRnwEACAAJ,4,2.625
4VjeBAAAQBAJ,13,2.853846153846154
4X0gAQAAIAAJ,3,2.6333333333333333
4dHXkNcpIXgC,5,2.7399999999999998
4eYotH2UnlwC,21,3.0142857142857142
4pUFDgAAQBAJ,8,3.85
4zxAA5SpwJcC,7,2.8428571428571425
52OYDwAAQBAJ,8,3.1875
5BKiuQAACAAJ,9,3.3444444444444446
5EnI2B7dabQC,7,3.1
5PP_5-5onKIC,7,3.542857142857143
5S3NBgAAQBAJ,11,2.7363636363636363
5XFxEQkrPoQC,7,3.2285714285714286
5ZWgTQk0K14C,10,2.9899999999999998
5a1gDQAAQBAJ,11,2.9909090909090907
5dGig0fYlj8C,5,3.1
5rwAAAAACAAJ,13,3.1769230769230767
5vSKa34nVYUC,3,3.6999999999999997
5znhAAAAMAAJ,5,3.2
60TnngEACAAJ,8,3.2
62IkHgAACAAJ,9,2.8666666666666667
66jK6yjlYQ0C,10,3.16
69D2zgEACAAJ,5,2.9
6HdQAAAAMAAJ,10,3.5100000000000002
6P_jN6zUuMcC,8,3.3125
6W3zAQAAQBAJ,11,3.5545454545454547
6zTDrQEACAAJ,11,3.127272727272727
76-7geRyQj0C,6,3.3666666666666667
7IRVewAACAAJ,9,3.2666666666666666
7KoHDheyeLwC,5,3.02
7SMGgsj2OxwC,6,2.5833333333333335
7UHjoQEACAAJ,12,2.566666666666667
7bD5nltcGfMC,6,3.766666666666667
7cTbDwAAQBAJ,5,3.12
7fhW6PDYklgC,4,2.675
7pzVCQAAQBAJ,6,3.466666666666667
8-IUHqDKDUUC,15,3.5
84vD69aw4jkC,12,3.1750000000000003
856vVL1LkCkC,7,3.0
8FXDwAEACAAJ,6,3.0
8GfMjPUExuIC,8,3.5
8IcHTwEACAAJ,9,2.7222222222222223
8JN5AAAAMAAJ,15,3.2
8M60Hy6B6LgC,5,2.92
8SgYAAAAIAAJ,9,2.533333333333333
8U8ObTP81QsC,16,3.10625
8YX2QwGgD8AC,7,2.814285714285714
8e-fPwAACAAJ,10,3.3200000000000003
8nTE_989I_cC,5,2.7600000000000002
8rFnC58v-S8C,9,3.011111111111111
8yhFDwAAQBAJ,13,2.730769230769231
9-9EepyqLFEC,8,3.35
90E8S6F-M7EC,9,3.5888888888888886
90k8DwAAQBAJ,11,2.9272727272727277
92jAHd9cpwUC,7,3.3428571428571425
95paAAAAMAAJ,9,3.3
9CATRvUh3m4C,9,3.011111111111111
9GRwqCua8zgC,7,3.3857142857142857
9JHEDQAAQBAJ,8,3.4375
9JIZEQAAQBAJ,5,3.02
9VOHMgEACAAJ,7,2.4714285714285715
9_FYKAtTkaoC,9,3.744444444444445
9_RvVRPMFeIC,3,2.6666666666666665
9iXsIAND7KQC,6,3.8000000000000003
A-AS46wG0p8C,10,2.2800000000000002
A-XYCwAAQBAJ,6,2.9166666666666665
A0i1qocdUhEC,9,2.5444444444444443
A3qACgAAQBAJ,6,2.533333333333333
A9RvngEACAAJ,10,3.47
ABExGQAACAAJ,11,2.9818181818181815
ACMYLqk_7GoC,10,3.2600000000000002
AGuA58sHm-kC,7,3.2857142857142856
AMB4m45ThS0C,8,3.3625
ATKQDwAAQBAJ,8,3.075
ATdRPgAACAAJ,9,3.1222222222222222
A_1aAAAAMAAJ,11,3.0181818181818185
Aa-YxwEACAAJ,9,3.322222222222222
AauUSQAACAAJ,9,3.0555555555555554
AiH4zgEACAAJ,6,3.6333333333333333
As6czwEACAAJ,8,3.0375
AwF0AwAAQBAJ,7,2.857142857142857
B0iWvgEACAAJ,8,3.075
B6eQBQAAQBAJ,8,2.825
BKjCQgAACAAJ,5,3.2600000000000002
BLCCGfcc_CQC,7,3.957142857142857
BQCUAAAACAAJ,10,3.3600000000000003
BR-9jwEACAAJ,1,2.4
BRuCAAAAIAAJ,8,2.975
BUzToQEACAAJ,25,3.112
BV8lEAAAQBAJ,12,3.35
BWgIFhncP2sC,9,3.066666666666667
BZowiXIDJvQC,7,3.3428571428571425
BcRqAAAAMAAJ,9,3.1
Brwewt_HOeMC,8,3.1375
BsrkhbBb_ioC,6,3.4333333333333336
Btsl41QgxRkC,6,2.8000000000000003
C1Wek_s_UDUC,5,3.6
CNkDAQAAIAAJ,16,2.7375
CQ0QuhLX7pIC,6,3.1833333333333336
CVOTzwEACAAJ,10,3.17
CcH9EAAAQBAJ,8,3.875
Cd60QAAACAAJ,8,4.0
CiCOAwAAQBAJ,7,2.7285714285714286
CilzzgEACAAJ,7,3.0142857142857147
CnS7AAAAIAAJ,10,3.31
Coi9AwAAQBAJ,4,3.0
D03uAAAAMAAJ,11,3.0545454545454547
D3R4AAAAIAAJ,12,3.5500000000000003
DAPEQgAACAAJ,12,3.0833333333333335
DHwmDQAAQBAJ,4,3.425
DRbSvCNg6EQC,7,3.442857142857143
DaOY4DQ-MKAC,11,3.272727272727273
DhRTBAAAQBAJ,6,3.0666666666666664
DsuMmwEACAAJ,6,3.0833333333333335
EU4FMQAACAAJ,10,3.5100000000000002
EjRyDwAAQBAJ,9,2.977777777777778
EvqJCGeqKhsC,6,3.233333333333333
EyyJEAAAQBAJ,6,3.25
F0M9PgAACAAJ,3,2.966666666666667
FD72ekYZqIkC,13,3.5153846153846158
FGFy2Pl_LSUC,14,3.1714285714285713
FKN8AgAAQBAJ,11,2.9272727272727277
FO1PDwAAQBAJ,9,2.9555555555555557
FSGPEAAAQBAJ,13,3.5999999999999996
FTK3NXqSWSAC,10,3.4200000000000004
FU5bPgAACAAJ,13,3.3307692307692305
FcEszgEACAAJ,4,3.125
FdjgDwAAQBAJ,12,3.0500000000000003
Ff3aCwAAQBAJ,5,3.4
FoyhSrj6RFsC,11,3.790909090909091
FqK0DgAAQBAJ,9,3.033333333333333
G3KPEAAAQBAJ,11,2.963636363636364
GFkzAQAAMAAJ,11,3.3272727272727276
GHMnz8G0GTcC,12,2.775
GHcl9VeXbK0C,6,3.1666666666666665
GNYS9ERL7I8C,6,3.1833333333333336
GP9aAAAAMAAJ,5,2.6399999999999997
GPhGukFWC84C,6,3.4
GZAoAQAAIAAJ,8,3.425
Gc7TswEACAAJ,15,2.8066666666666666
Gci_x8vYZbUC,8,3.2125
Gey5vgEACAAJ,5,3.02
Gtg8AAAAIAAJ,9,3.177777777777778
H5pyUIY4THYC,4,3.15
H6faYQfmwdQC,8,2.625
HAg3AgAAQBAJ,7,3.5714285714285716
HLNSDwAAQBAJ,7,3.3857142857142857
HS7rwAEACAAJ,11,3.0454545454545454
HXQzDwAAQBAJ,6,3.5666666666666664
HZFBWfxTeksC,9,3.2555555555555555
Hbg-BAAAQBAJ,7,3.5285714285714285
HmD99eLenMwC,8,3.6375
HmVxeSQp3fEC,5,2.48
HpHbWn2sTroC,8,3.1875
HpgNSVS6fUYC,7,2.9285714285714284
HrKeslgGOfMC,6,3.4
HuWP4w41tOEC,7,2.7857142857142856
I51aAAAAMAAJ,8,3.1375
IB8hhZ3i2JAC,3,3.0666666666666664
IEsSJwTJztAC,12,3.408333333333333
IJyyDQAAQBAJ,10,3.35
IN-EoGBJLdAC,1,3.9
IQKqlAEACAAJ,5,3.1
IRvbMgEACAAJ,6,3.8499999999999996
IU18-v_3Tm4C,4,3.25
I_NjEAAAQBAJ,10,3.12
IbcH0QEACAAJ,7,3.2857142857142856
IdAmDwAAQBAJ,10,3.38
IqQINfZ3sM4C,6,3.3833333333333333
IuGHDQAAQBAJ,5,3.4200000000000004
IxmcAAAAMAAJ,8,3.675
J1Y_gomB9PcC,4,3.35
J3t9AgAAQBAJ,10,3.0100000000000002
J7ywAAAAIAAJ,5,2.6399999999999997
J9XOHAAACAAJ,11,3.5181818181818176
JDqFPwAACAAJ,4,3.45
JHhQDQEACAAJ,7,2.8285714285714287
JPQ8DAAAQBAJ,5,3.06
JQP8CwAAQBAJ,4,3.625
JU4jAAAAYAAJ,8,3.1375
JYMLR4gzSR8C,6,3.233333333333333
J_18AAAAIAAJ,7,2.7857142857142856
JaPyoQEACAAJ,17,3.0058823529411764
JelhEQAAQBAJ,9,3.3333333333333335
Ji-HHj8i6roC,7,2.8857142857142857
JqB6Qy9z3TcC,9,3.8777777777777778
JwKaQ6msi9MC,7,3.7857142857142856
JxlrPwAACAAJ,17,3.0941176470588236
K0NiQgAACAAJ,11,3.1181818181818177
K0wjRTKmJtAC,5,3.2
KFgP0QEACAAJ,7,3.0285714285714285
KS-6XrdalGkC,9,3.3666666666666667
KYebDwAAQBAJ,5,3.8
Kax7AAAAQBAJ,8,3.4125
KfZmAAAACAAJ,5,2.9
KguJFHdmP6MC,9,3.1555555555555554
Ki0cOxg0D20C,5,2.7199999999999998
Kkc-0AEACAAJ,7,3.3428571428571425
KmDQQgAACAAJ,8,3.4875
Kn-rpZFcWeUC,9,3.5444444444444443
Ko4tAAAAYAAJ,7,3.7714285714285714
L0LYzwEACAAJ,12,3.4166666666666665
L25EAQAACAAJ,11,3.9909090909090907
L6mXyQEACAAJ,9,3.322222222222222
LDDBAAAACAAJ,7,3.5285714285714285
LPllAAAAMAAJ,9,3.3333333333333335
LSm6MLV42zgC,9,3.122222222222222
LXPrLcFdIPwC,12,3.391666666666667
LeqhDwAAQBAJ,13,3.276923076923077
LkLpx-fxDMUC,5,3.3
LnZTAAAAMAAJ,4,3.225
LtiQvwEACAAJ,7,3.1
LxyyzgEACAAJ,8,2.9625
M0PEOj7I9IkC,9,3.2666666666666666
M1AUC4TY4u0C,10,3.4200000000000004
M29dkP5wXx0C,4,3.025
M7vrDwAAQBAJ,13,3.0153846153846158
M8FYp0MgVBgC,6,3.016666666666667
MAz5OAAACAAJ,5,3.2
MBtctNppOJAC,8,3.1875
MFaW0YdVOZQC,10,3.62
MJDAEQAAQBAJ,6,3.983333333333333
MNQzLfn72BkC,7,3.1285714285714286
MPyDuQ0L-LoC,15,2.8266666666666667
MVucEAAAQBAJ,5,3.56
MfmOHAAACAAJ,5,2.7
MhHxCQAAQBAJ,7,3.2714285714285714
Mmtn9-YpF6EC,15,3.0
Mo7D3Je7_DMC,12,2.775
Mt90K-0Jty4C,8,3.2
Mw1BFNvpnXAC,5,3.44
Mw4TAQAAMAAJ,9,3.4555555555555557
MxIUDAAAQBAJ,11,2.709090909090909
MyIukohIVRwC,14,3.007142857142857
N43MBQAAQBAJ,3,3.5
N4zH86WogYwC,7,3.5714285714285716
N8LS0b0_bvUC,9,3.477777777777778
NGoFudTo7YsC,8,2.75
NGv8ndfpxqIC,6,3.4166666666666665
NKMSAAAACAAJ,9,3.4000000000000004
NM5PqgKd2dsC,5,3.2399999999999998
NNUpvQSQVrsC,8,3.425
NOh8kgEACAAJ,9,3.4555555555555557
Nln3xTYQwt4C,8,3.05
NnM-uISyywAC,14,3.7214285714285715
Nq5aAAAAMAAJ,6,3.033333333333333
NqtaAAAAMAAJ,8,3.1
NqyJ8nCyUtoC,6,3.0833333333333335
O1MInVXd_aoC,6,2.3000000000000003
O2xxhFcOXfwC,5,3.2600000000000002
O3EtzwEACAAJ,15,2.853333333333333
O53UXtrb68EC,6,3.6166666666666667
O93ctgAACAAJ,5,3.04
OBkXAQAAIAAJ,10,3.55
OC9aAAAAYAAJ,8,2.7375
OEO5ljFBBCcC,8,3.025
OEQszwEACAAJ,6,3.3499999999999996
OEhnxC4qPOwC,1,3.1
OGo9PgAACAAJ,10,2.93
OHqsQwFrKO0C,7,2.685714285714286
OTP9jwEACAAJ,2,3.3
OWf0RoB6MQUC,6,3.4499999999999997
Oj9VPgAACAAJ,9,2.6444444444444444
OpoPLEtHBkEC,10,3.3600000000000003
OqW7183UykkC,8,3.2375
P5cTMQAACAAJ,11,3.2636363636363637
P6_ZAAAAMAAJ,8,3.3375
P9xnzQEACAAJ,7,2.857142857142857
PQibPwAACAAJ,6,3.6666666666666665
PUElhNMR-9QC,5,2.88
Pepy2_OXEe4C,9,3.611111111111111
Pnqx6B2lF60C,10,3.19
PtT0C1rWniIC,7,2.8000000000000003
PvhlAAAAMAAJ,6,3.65
Pvl1c_ge9A8C,7,2.8428571428571425
Px35248-60MC,6,3.533333333333333
Q2RxAAAAIAAJ,5,3.2
QBOjAQAACAAJ,6,3.266666666666667
QES7mCcS4EwC,6,3.0666666666666664
QKBipzO4E7IC,7,3.2142857142857144
QdCNeNx6LJUC,8,3.7
Qf5QEAAAQBAJ,7,2.857142857142857
Qg20DQAAQBAJ,8,2.8625
QgzBqhbdlvUC,6,3.1
QlP3zgEACAAJ,10,3.17
QvtHgxGTApcC,10,3.4799999999999995
R12kzgEACAAJ,7,3.1999999999999997
R2CXLuo9mzQC,9,3.6555555555555554
R3IkAQAAMAAJ,9,3.1555555555555554
RC9Rr1YVLdsC,6,2.9
RCGpHZQZuDoC,5,3.3600000000000003
RNmODAAAQBAJ,7,3.1142857142857143
RReJCgAAQBAJ,7,3.2857142857142856
RW9xER26nBcC,13,3.369230769230769
RWGQWwr3vXoC,8,3.575
RZGKEAAAQBAJ,11,3.4272727272727277
R_JQAQAAIAAJ,19,3.031578947368421
ReiXDAAAQBAJ,5,2.7199999999999998
RfmoBcalBboC,6,2.9333333333333336
Rj1FDe5IevYC,6,2.966666666666667
Rj_yXkq4AZsC,5,3.2600000000000002
RoYeUwZV8uAC,4,3.1
RzZurrDT_6EC,11,2.872727272727273
S7TQixYMzhEC,13,2.946153846153846
S9RJEAAAQBAJ,8,3.0625
SGjOnk3-JooC,11,3.3636363636363638
SHzsEAAAQBAJ,12,3.016666666666667
SRR5DAAAQBAJ,9,2.8555555555555556
SS8e9evxXK4C,4,3.5
SUmHDwAAQBAJ,5,3.1599999999999997
SVR2cjWptCAC,8,3.475
SWRzxdRT70EC,9,3.0555555555555554
SXbeEAAAQBAJ,6,4.266666666666667
SgH8AwAAQBAJ,8,3.25
Sjr2DwAAQBAJ,8,3.5625
SxPUCwAAQBAJ,4,3.125
T2A5PwAACAAJ,5,2.9
T6uL_5tTspgC,6,3.0500000000000003
T6uOJgAACAAJ,12,2.75
T9zgLqjIircC,9,3.3333333333333335
TKgOAQAAMAAJ,13,3.4384615384615387
TNyoCwAAQBAJ,6,3.1666666666666665
Tbl6VNGP2XwC,11,3.290909090909091
Tj86zgEACAAJ,8,3.4375
TmDhCwAAQBAJ,10,3.7299999999999995
TrprUAGzVa0C,20,3.285
Ts8sVWGnF-sC,5,2.2800000000000002
U4ArAQAAMAAJ,8,3.3375
U60gzgEACAAJ,18,2.9166666666666665
U6OgdLXPwvAC,6,3.4333333333333336
UDgrdX_Y9QUC,6,3.3000000000000003
UEAfl4Qwb1AC,3,3.033333333333333
UFjDDwAAQBAJ,9,2.8444444444444446
UGUahZnpa0MC,9,3.0555555555555554
UGlRAAAAYAAJ,10,3.2299999999999995
UPOqxAEACAAJ,23,2.7695652173913046
UQTbAAAAMAAJ,9,3.0777777777777775
UTjUAwAAQBAJ,8,2.925
UUKgAQAACAAJ,8,3.975
UY7bjfq3mYkC,9,3.7222222222222223
UYIrAQAAMAAJ,6,2.983333333333333
UsBsAAAAMAAJ,2,3.45
VJ0sDgAAQBAJ,11,3.436363636363636
VLs-iGcK8pQC,13,2.9692307692307693
VTu8i9vGUksC,5,2.8
VYI3bNt2ssEC,8,2.575
VcRxEAAAQBAJ,4,2.65
VfQZ0QEACAAJ,15,2.52
Vk1EcQsbDkoC,7,2.6
VmHMo80IywQC,8,3.3125
Vnl9AAAAMAAJ,8,3.125
VwWwQgAACAAJ,11,3.2545454545454544
VyuCDwAAQBAJ,5,2.2199999999999998
W1PXSW4R2xsC,9,2.9555555555555557
W3RaAAAAMAAJ,8,3.15
WADDM36d3TAC,6,3.3000000000000003
WM2QDAAAQBAJ,3,3.4333333333333336
WXTWAAAAMAAJ,12,3.1166666666666667
WdM_qxJq8T8C,16,3.41875
Wk3hAAAAMAAJ,8,3.4125
WuhePwAACAAJ,2,2.65
X2hjAwAAQBAJ,9,3.9444444444444446
XFXWnQEACAAJ,7,2.757142857142857
XKFDWoh1EdwC,13,2.8846153846153846
XNNvPwAACAAJ,1,3.3
XRx14F6czVIC,19,3.0
XXBqAAAACAAJ,4,2.95
XfkmrSZgTK4C,7,4.128571428571428
XfkrDAAAQBAJ,9,2.566666666666667
Xj6bPwAACAAJ,6,3.1833333333333336
XkVGWa0_2csC,11,3.627272727272727
XmZxj84kdV0C,6,3.766666666666667
Y12-OQ5BDjcC,11,3.1454545454545455
Y4kcmQEACAAJ,12,3.3166666666666664
Y72rtTlfGgAC,8,2.5875
YDFRDwAAQBAJ,8,2.6375
YIFpP7nvrNAC,5,3.02
YS1gVN9rhEIC,7,2.942857142857143
YWRoAAAAMAAJ,5,3.44
YYwazgEACAAJ,8,3.2375
Y_VuDwAAQBAJ,10,3.09
Yb4lzgEACAAJ,15,2.5866666666666664
YdA1YgEACAAJ,4,3.175
Yi9CPgAACAAJ,6,3.3666666666666667
YjR5Ve-zTcYC,6,3.9499999999999997
YlEur3srE00C,11,3.1545454545454548
ZAr2xgEACAAJ,12,2.8249999999999997
ZMLkjwEACAAJ,5,3.1
ZRY3PAAACAAJ,5,2.82
ZTtDEAAAQBAJ,8,2.6625
ZVogAwAAQBAJ,3,3.1999999999999997
ZYU9tyb4K2wC,9,2.8777777777777778
Z_tAxCKQJVsC,6,3.8000000000000003
ZfH5ngEACAAJ,7,2.7714285714285714
ZiHiJwAACAAJ,7,3.3857142857142857
ZlAj383-t5QC,5,3.0
ZmZkBm-AqwIC,9,3.211111111111111
ZpNWAAAAYAAJ,12,3.2083333333333335
ZpinPwAACAAJ,8,3.075
ZwoQBVIzOoQC,9,3.1555555555555554
_3SdGRyvMAcC,6,3.533333333333333
_6lJEAAAQBAJ,6,3.5833333333333335
_Jpv0u5mgM0C,5,3.2
_MRQ46NLr08C,5,2.66
_W6WBgAAQBAJ,8,3.1625
_hlrPwAACAAJ,7,3.957142857142857
_nXNDgAAQBAJ,8,3.125
_rTZCwAAQBAJ,7,2.9
a8HHtwEACAAJ,9,3.7666666666666666
a9VxKgui0mEC,9,2.911111111111111
aDYbgk-OCR4C,3,3.1666666666666665
aMokDwAAQBAJ,6,2.783333333333333
aQUWFZWdg1IC,6,3.3666666666666667
aZBw8kYM5T0C,8,2.9875
actiAwAAQBAJ,10,2.5300000000000002
aeEKAAAAYAAJ,9,3.4555555555555557
afSBdDkZTgkC,6,3.5666666666666664
aodoEAAAQBAJ,7,3.9571428571428577
ar4K7Y_kbmwC,5,3.08
axCM5xaDKZ0C,1,2.4
b1KrjW8QuVAC,6,3.783333333333333
b4QVBgAAQBAJ,1,2.8
b4Zspui3ekgC,7,3.257142857142857
bA0gAQAAIAAJ,4,3.0
bBHnjgEACAAJ,9,3.066666666666667
bBwPteCmsuIC,8,3.7125
bNCvyLxEAXgC,4,2.7
bRLUCwAAQBAJ,10,2.94
bXosQQAACAAJ,7,3.042857142857143
bgj6kXeIgYMC,2,3.85
bl_cDAAAQBAJ,11,3.5818181818181816
brkTv6hl72sC,7,2.857142857142857
bxahDwAAQBAJ,6,3.783333333333333
bz1jvgEACAAJ,4,3.125
bzMkAQAAIAAJ,12,3.3666666666666667
c5FN5zBLKr8C,4,2.875
cSDgBAAAQBAJ,9,3.2444444444444445
cod9AAAAMAAJ,8,3.8125
cphUEAAAQBAJ,5,3.7600000000000002
crVOPngoovIC,7,3.3285714285714287
cv1jPwAACAAJ,7,3.0285714285714285
cvEmqurURoUC,9,3.433333333333333
cz8UiXwoST0C,6,3.5499999999999994
d2EGay2vA_AC,5,3.06
d2WZDgAAQBAJ,5,3.66
d2b39aiWVmcC,6,3.1666666666666665
d8ONBQAAQBAJ,11,3.1454545454545455
dBqYCZorGp4C,8,3.2875
dDiH6lyeyYcC,12,3.483333333333333
dEnnAAAAMAAJ,3,2.8666666666666667
dHTAtBO5jeIC,4,3.5999999999999996
dPs8xPp_66QC,7,2.457142857142857
dSvnj7Y46hwC,8,3.5875
dVvUp21om9EC,10,3.1399999999999997
dXccl8vD4LoC,4,3.1
dYMS5W6_Lb0C,5,2.68
dba8BwAAQBAJ,7,2.9285714285714284
ddlN5vNGcpwC,12,3.4250000000000003
ddqzBU1EgXkC,12,3.0500000000000003
dg7X0AEACAAJ,10,3.2
dhtB6wh57roC,12,3.141666666666667
drS2CAAAQBAJ,12,3.2916666666666665
dyXCMgEACAAJ,6,3.4000000000000004
dzAy2Uf5b30C,13,3.553846153846154
e8IPDgAAQBAJ,8,3.5124999999999997
e951hHwu3X0C,5,3.16
eDls6pNzpccC,9,3.388888888888889
eMqEAAAAIAAJ,11,3.190909090909091
efkEAQAAIAAJ,5,2.92
ei91AAAAMAAJ,11,3.1727272727272724
erAk0AEACAAJ,6,3.3833333333333333
erpIAAAAYAAJ,13,3.4538461538461536
eyh5fyV-YNgC,7,3.3714285714285714
f2v68ta2PMEC,10,2.79
f36xnlfQyDwC,6,3.1999999999999997
f65IMQAACAAJ,6,3.1666666666666665
fBp6Dwx9p5EC,9,3.4000000000000004
fIPEYWRjjZ4C,11,3.3909090909090907
fJQpDwAAQBAJ,9,2.411111111111111
fUDfrQEACAAJ,5,3.7399999999999998
fUzd7LeJpjYC,4,2.5
fVXhWW7ZRkwC,8,3.0875
fW7ZAAAAMAAJ,11,3.1363636363636362
fchnzgEACAAJ,6,2.783333333333333
fe-Z3OYQmLoC,14,3.35
g2TjoQEACAAJ,6,3.483333333333333
g2duBAAAQBAJ,13,3.246153846153846
g40bVuX9wmYC,4,3.05
g63qBgAAQBAJ,8,2.9875
gLFlHg41M2cC,7,3.742857142857143
gOy07Z1AAR8C,3,3.3666666666666667
gP3UiUyOTugC,9,3.0
gebBDAAAQBAJ,7,2.8714285714285714
ghKyLjIU4-QC,4,3.375
gijG7fSwvjAC,11,3.027272727272727
gikJ68HbXh0C,6,3.4499999999999997
glRaAAAAMAAJ,3,3.5999999999999996
grNnCwAAQBAJ,3,3.3333333333333335
gt249vAICMkC,3,3.6999999999999997
gvB1DQAAQBAJ,9,3.2111111111111112
gxGZ7nirlikC,5,3.3600000000000003
gxc4AAAACAAJ,5,3.6799999999999997
h5ZCPgAACAAJ,9,2.8111111111111113
h68vDwAAQBAJ,5,3.14
hC6pYgmnSpgC,13,2.5307692307692307
hDhPp1nFjFYC,8,3.2375
hJtPEAAAQBAJ,5,2.48
hNUWAQAAMAAJ,7,3.2285714285714286
hQONI55NRxsC,8,2.6375
hVdEXwAACAAJ,5,3.3
h_rXAAAAMAAJ,14,3.25
hsDtAAAAMAAJ,4,3.225
hsJVQMQHlc4C,6,3.5833333333333335
hyt8CgAAQBAJ,3,3.266666666666667
i03NKy0ml1gC,14,3.814285714285714
i1RuDwAAQBAJ,10,3.55
i2GcPwAACAAJ,7,3.3857142857142857
i51DCgAAQBAJ,7,3.257142857142857
i6diAAAAMAAJ,7,3.1142857142857143
iEc8PgAACAAJ,5,3.6
iFhFEAAAQBAJ,12,3.033333333333333
iLVdjwEACAAJ,8,2.9125
iWxdjwEACAAJ,8,3.425
iYrf0eWxx_AC,25,3.128
i_jl0BZza1EC,6,3.483333333333333
ig1NfvdjQgIC,9,3.1555555555555554
ijGgDwAAQBAJ,5,3.3600000000000003
in7WfOJL3VsC,7,3.0714285714285716
inND87EFFF4C,7,3.0285714285714285
inZhHuo89T8C,10,3.4199999999999995
irAcxdmzo-IC,8,3.35
ixnTCwAAQBAJ,8,3.2875
j-8WEAAAQBAJ,10,2.93
j8GGDwAAQBAJ,5,3.2
jCWUtgAACAAJ,7,3.742857142857143
jHtA0QEACAAJ,10,3.46
jKsrAQAAIAAJ,5,3.6
jLRKDwAAQBAJ,8,3.3
jVldEQAAQBAJ,8,3.625
jcuAAgAAQBAJ,7,3.457142857142857
k0k_PgAACAAJ,8,2.95
k2GiRwnAl9cC,6,3.15
k5qgGcZVOugC,7,2.9714285714285715
kACVG3_d3jYC,7,3.542857142857143
kJg-DwAAQBAJ,6,3.4333333333333336
kLZPEAAAQBAJ,3,3.5
kVsIeb1Asl4C,10,3.0100000000000002
kVyQEAAAQBAJ,6,3.4
kXPhCgAAQBAJ,4,3.4499999999999997
klGC6xroFOwC,10,2.8600000000000003
lDK3zgEACAAJ,4,3.8999999999999995
lIhjDwAAQBAJ,11,2.9
l_lFPgAACAAJ,7,2.7142857142857144
lgUhtwEACAAJ,10,3.4299999999999997
lkCOtwEACAAJ,4,3.225
lpIW0AEACAAJ,5,3.8199999999999994
lrUqYRMF30EC,16,2.975
lymJEAAAQBAJ,9,3.322222222222222
lyr3DwAAQBAJ,6,3.4
m-3GsxecmzoC,4,2.55
m4jGrQEACAAJ,10,3.6
m7pXjwEACAAJ,22,3.627272727272727
m9JVDwAAQBAJ,5,2.82
mLjfAAAAMAAJ,12,3.2416666666666667
mPGYHO2QzngC,7,3.085714285714286
mSFlzgEACAAJ,11,3.0
mWI7EAAAQBAJ,9,2.977777777777778
mWuHAAAAMAAJ,15,2.7133333333333334
mmcQAQAAIAAJ,9,3.1333333333333333
mmeAEQAAQBAJ,10,2.7
mrO6zwEACAAJ,5,2.8600000000000003
mtLpOwAACAAJ,10,2.95
mu4sGQV8X44C,7,3.1714285714285713
n12czgEACAAJ,2,2.15
n31_EQAAQBAJ,9,3.488888888888889
n3t4b6GUlhAC,9,3.0555555555555554
n4GmAwAAQBAJ,6,3.75
n565nAEACAAJ,7,2.9857142857142853
n96dAgAAQBAJ,10,2.96
n9FOAAAAMAAJ,7,3.6
nIGWF80AZpwC,5,3.1599999999999997
nOGvDwAAQBAJ,7,3.3857142857142857
nUtiAAAAMAAJ,4,3.2
nVnaCwAAQBAJ,10,3.05
nWko0AEACAAJ,8,3.55
nevaAAAAMAAJ,13,3.1692307692307695
npDx7Bp0ZtwC,6,3.266666666666666
nt2gYevSZrMC,9,2.9555555555555557
nxC1wF3_IEAC,6,2.483333333333333
o2yu6uJF2SoC,8,2.925
oLr2iVoNENAC,10,3.1100000000000003
oQ0hCgAAQBAJ,5,2.98
oRgZyxrB6ZEC,8,2.9625
oSYnQRVTKoAC,8,2.8375
oXbLDwAAQBAJ,7,3.6
obXz7Rn0N8cC,10,3.44
odV-pwAACAAJ,7,3.8000000000000003
oh-5AAmboMUC,7,2.5
omSBEQAAQBAJ,8,3.075
oujfURqtC78C,9,3.177777777777778
owYUDAAAQBAJ,7,3.3000000000000003
oyyOEAAAQBAJ,7,3.0
p-t-3_n3MdwC,5,2.98
p0xvDQq7hZ8C,7,3.6857142857142855
p2yZveBQhqAC,5,4.0600000000000005
p68eEAAAQBAJ,12,3.6666666666666665
p7iFBAAAQBAJ,5,3.54
pJlQAgAAQBAJ,9,3.1444444444444444
pQcjlDMjXFoC,7,3.2714285714285714
pWvEjwEACAAJ,15,3.1533333333333333
poenY6QMq8UC,7,2.914285714285714
pxtcAAAAMAAJ,7,2.414285714285714
q2ONDAEACAAJ,9,3.0555555555555554
q84aaMuvup4C,5,2.62
q8Wo0AEACAAJ,7,3.3285714285714287
q9lfPwAACAAJ,9,3.4555555555555557
qIDC7ybvHQEC,3,2.8000000000000003
qKL9if9wl_UC,14,2.8857142857142857
qMikAwAAQBAJ,9,3.488888888888889
qPqzUxfo9KcC,10,3.2700000000000005
qY_yOwHg_WYC,10,3.0
qZaPtAEACAAJ,6,2.766666666666667
qjFlYdAhCiAC,11,2.7818181818181817
qoG8asWZRGoC,7,3.057142857142857
quKMEAAAQBAJ,10,3.15
qy3AW7e7B6wC,10,3.3299999999999996
r2_rY3LwaA4C,11,3.209090909090909
rQ48mioxnxMC,15,3.4
rVjOh08C6KIC,11,2.9181818181818184
r_xJEAAAQBAJ,9,3.1
rbbY0J7dpZkC,7,3.042857142857143
rdFFPgAACAAJ,6,3.233333333333333
reNohFsTpEEC,11,2.590909090909091
rnWY_tjp9WgC,10,2.9899999999999998
rp1ZwCiPMzoC,8,3.225
rqDHJ1S9UKsC,8,3.075
rsZzm_XyQaEC,5,3.44
rygf6axAH7UC,7,3.1714285714285713
s-pjBAAAQBAJ,10,3.3200000000000003
s5ulrjc71nIC,6,2.6999999999999997
sJR8PwAACAAJ,4,3.375
sMEpJrKBqkAC,10,2.23
sUYDQIXSEtoC,9,2.9222222222222225
sWPBQQ5vl2MC,13,3.246153846153846
sZZ7xHC3-JIC,11,3.1181818181818177
sb9yPwAACAAJ,6,3.233333333333333
se6oEAAAQBAJ,9,3.5555555555555554
snMOU7EnX0kC,10,3.1700000000000004
sruDQgAACAAJ,9,3.288888888888889
t2lZtAEACAAJ,7,2.5142857142857147
t7C8j6Im59EC,4,2.6
tC1tEAAAQBAJ,7,3.6142857142857143
tDBiHhLg2uMC,9,3.288888888888889
tMbCQ7CM9wAC,10,2.95
tV7-zgEACAAJ,8,2.4375
tVZLllvC72IC,7,2.5714285714285716
tWbVwZjv43kC,5,3.0
tYRTEAAAQBAJ,6,3.216666666666667
tcVTC9XJN-8C,13,3.3923076923076922
teFVCgAAQBAJ,13,3.4153846153846152
tiq0ZTidIuoC,11,3.5
tpFPEAAAQBAJ,7,3.242857142857143
ty3lHncLD48C,6,3.1
u-GNHFScLgUC,11,2.4363636363636365
u51FeU6_YFgC,6,2.6333333333333333
uJRAAQAAIAAJ,15,3.5533333333333332
uKT7lv947g0C,6,3.75
uPWBHwLjeXsC,7,3.085714285714286
uQvYtm-EPTEC,9,3.466666666666667
uVnubbbLILUC,10,2.9
uZEkAAAAQBAJ,6,3.266666666666667
ua5XSmTrqjgC,12,3.5833333333333335
uaBUIGS551cC,7,3.942857142857143
uagsDwAAQBAJ,7,3.1142857142857143
ueRzTEnB96wC,8,3.5875
ujPWygAACAAJ,9,2.988888888888889
ujXZe244b48C,8,3.65
ujfQK2PvUrUC,10,2.98
unCQBAAAQBAJ,4,3.7249999999999996
uqJfitfIvmgC,8,2.8875
uwxBYgEACAAJ,17,3.335294117647059
uzqYkg9_kWMC,6,2.9
uzxdQTUDrkkC,5,3.3200000000000003
v3nZvQEACAAJ,10,3.3600000000000003
v8DaAAAAMAAJ,8,3.4375
v9oJZ5stgnAC,3,3.733333333333333
vIIH0QEACAAJ,6,3.1999999999999997
vQdXswEACAAJ,4,3.05
vR9iQgAACAAJ,4,3.125
vZ9ZAAAAYAAJ,4,2.3
vc6kDwAAQBAJ,10,2.52
vhwDuiHu2ysC,5,3.08
vmEzVXLI1sMC,5,3.5799999999999996
vvMB0AEACAAJ,6,3.283333333333333
vwARAQAAIAAJ,8,3.35
vwVsEM8mXWYC,3,3.3000000000000003
vwt6of7puqwC,13,3.0615384615384613
w2m_oaGOTukC,10,3.7
w3mAEAAAQBAJ,12,3.4583333333333335
w4b-I_NSgXYC,5,3.04
w7FfrQxhnxEC,2,3.6500000000000004
wPJ-swEACAAJ,8,3.4
wUiBcr--RzYC,5,3.2
wVndU5P4V-8C,11,3.227272727272727
waL9JN862yQC,7,3.2857142857142856
wca9BwAAQBAJ,7,3.142857142857143
wfaz2SE61hcC,8,3.6625
wnpvAAAACAAJ,6,2.983333333333333
wpA-FI_MIB4C,8,2.9875
wpfKBwAAQBAJ,6,2.716666666666667
wqRQqXKuU7sC,14,2.9714285714285715
xFIN97PzxxYC,8,3.7
xHwFAQAAIAAJ,7,3.1571428571428575
xOnhG9tidGsC,7,3.1
xYotngEACAAJ,4,3.55
xeDDCQAAQBAJ,8,2.9
xgWt0AEACAAJ,5,3.16
xobHmjZhru4C,6,3.65
xvH0swEACAAJ,12,3.7916666666666665
xxbSBQAAQBAJ,4,4.15
y-_LAgAAQBAJ,4,3.35
y5nztgAACAAJ,11,2.8181818181818183
y7T0ex_gX_8C,7,3.457142857142857
yEsQIQAACAAJ,7,3.442857142857143
yI_XzQEACAAJ,9,2.8666666666666667
yKZBzQEACAAJ,9,2.8
yQua7wb2kTgC,6,3.6166666666666667
yRSoAAAAIAAJ,3,3.3666666666666667
ySpFz9HNFHkC,12,2.75
yVt0swEACAAJ,10,3.22
yWiMCwAAQBAJ,5,3.5200000000000005
yeiuyh1VsBEC,4,2.8
yfnbDQAAQBAJ,5,3.1799999999999997
ykSjj33UTGYC,5,3.56
ylLoGsee8YcC,8,3.25
yrsxbLdWuyMC,5,3.5
ytk1cvnR5McC,9,3.688888888888888
yvoYQVySRHUC,6,2.733333333333333
yxhpPgAACAAJ,12,3.6750000000000003
z1okAQAAMAAJ,6,3.3000000000000003
z5kv7iMeePwC,12,3.358333333333333
zGi7ykBppIcC,7,2.9857142857142853
zHYO1Fh9_JMC,9,2.8333333333333335
zHqBzQEACAAJ,9,3.2666666666666666
zJyFxTT3zC0C,9,3.0555555555555554
zMWSmSAmsvQC,13,3.646153846153846
zOrwGwAACAAJ,4,3.425
zjO4stY-tVcC,4,2.675
znLhAAAAMAAJ,4,2.85
zrrMoQEACAAJ,10,2.96
zswlAQAAMAAJ,7,3.1714285714285713
